ID,value,share
1,834541.8705177064,0.7865999877379046
2,961072.4137560292,0.30518803397173444
3,983217.5892369106,0.29619279328839143
4,130030.55297969801,0.6304171048046002
5,732134.8689724839,0.20128787693253525
6,354914.13798883784,0.33427245037831077
7,508051.20307172183,0.6106078336249496
8,506843.3641672641,0.21244273134827962
9,562601.447721845,0.49625430190943187
10,963217.9572959883,0.1659022463859935
